<?xml version="1.0" encoding="utf-8"?>
<doctrine-mapping xmlns="http://doctrine-project.org/schemas/orm/doctrine-mapping" xmlns:xsi="http://www.w3.org/2001/XMLSchema-instance" xsi:schemaLocation="http://doctrine-project.org/schemas/orm/doctrine-mapping http://doctrine-project.org/schemas/orm/doctrine-mapping.xsd">
  <entity name="CPANA\ClassifiedsBundle\Entity\Category" table="category">
    <indexes>
      <index name="fk_parent_id_category" columns="id_parent"/>
    </indexes>
    <id name="idCategory" type="integer" column="id_category">
      <generator strategy="IDENTITY"/>
    </id>
    <field name="categoryName" type="string" column="category_name" length="50" nullable="false"/>
    <many-to-one field="idParent" target-entity="Category">
      <join-columns>
        <join-column name="id_parent" referenced-column-name="id_category"/>
      </join-columns>
    </many-to-one>
  </entity>
</doctrine-mapping>
