<?xml version="1.0" encoding="utf-8"?>
<doctrine-mapping xmlns="http://doctrine-project.org/schemas/orm/doctrine-mapping" xmlns:xsi="http://www.w3.org/2001/XMLSchema-instance" xsi:schemaLocation="http://doctrine-project.org/schemas/orm/doctrine-mapping http://doctrine-project.org/schemas/orm/doctrine-mapping.xsd">
  <entity name="CPANA\ClassifiedsBundle\Entity\Cities" table="cities">
    <indexes>
      <index name="fk_id_region" columns="id_region"/>
    </indexes>
    <id name="idCity" type="integer" column="id_city">
      <generator strategy="IDENTITY"/>
    </id>
    <field name="cityName" type="string" column="city_name" length="50" nullable="false"/>
    <many-to-one field="idRegion" target-entity="Regions">
      <join-columns>
        <join-column name="id_region" referenced-column-name="id_region"/>
      </join-columns>
    </many-to-one>
  </entity>
</doctrine-mapping>
