<?xml version="1.0" encoding="utf-8"?>
<doctrine-mapping xmlns="http://doctrine-project.org/schemas/orm/doctrine-mapping" xmlns:xsi="http://www.w3.org/2001/XMLSchema-instance" xsi:schemaLocation="http://doctrine-project.org/schemas/orm/doctrine-mapping http://doctrine-project.org/schemas/orm/doctrine-mapping.xsd">
  <entity name="CPANA\ClassifiedsBundle\Entity\Currencies" table="currencies">
    <id name="idCurrency" type="integer" column="id_currency">
      <generator strategy="IDENTITY"/>
    </id>
    <field name="baseCurrency" type="boolean" column="base_currency" nullable="false"/>
    <field name="convertionRate" type="float" column="convertion_rate" precision="10" scale="2" nullable="false"/>
    <field name="enabled" type="boolean" column="enabled" nullable="false"/>
    <field name="currencyName" type="string" column="currency_name" length="30" nullable="false"/>
  </entity>
</doctrine-mapping>
