<?xml version="1.0" encoding="utf-8"?>
<doctrine-mapping xmlns="http://doctrine-project.org/schemas/orm/doctrine-mapping" xmlns:xsi="http://www.w3.org/2001/XMLSchema-instance" xsi:schemaLocation="http://doctrine-project.org/schemas/orm/doctrine-mapping http://doctrine-project.org/schemas/orm/doctrine-mapping.xsd">
  <entity name="CPANA\ClassifiedsBundle\Entity\Regions" table="regions">
    <indexes>
      <index name="fk_id_country" columns="id_country"/>
    </indexes>
    <id name="idRegion" type="integer" column="id_region">
      <generator strategy="IDENTITY"/>
    </id>
    <field name="regionName" type="string" column="region_name" length="50" nullable="false"/>
    <many-to-one field="idCountry" target-entity="Countries">
      <join-columns>
        <join-column name="id_country" referenced-column-name="id_country"/>
      </join-columns>
    </many-to-one>
  </entity>
</doctrine-mapping>
