<?xml version="1.0" encoding="utf-8"?>
<doctrine-mapping xmlns="http://doctrine-project.org/schemas/orm/doctrine-mapping" xmlns:xsi="http://www.w3.org/2001/XMLSchema-instance" xsi:schemaLocation="http://doctrine-project.org/schemas/orm/doctrine-mapping http://doctrine-project.org/schemas/orm/doctrine-mapping.xsd">
  <entity name="CPANA\ClassifiedsBundle\Entity\SpecificItemsTypesMeta" table="specific_items_types_meta">
    <indexes>
      <index name="fk_id_category" columns="id_category"/>
      <index name="fk_id_specific_item_type" columns="id_specific_item_type"/>
    </indexes>
    <id name="idSpecificMeta" type="integer" column="id_specific_meta">
      <generator strategy="IDENTITY"/>
    </id>
    <many-to-one field="idSpecificItemType" target-entity="SpecificItemsTypes">
      <join-columns>
        <join-column name="id_specific_item_type" referenced-column-name="id_specific_item_type"/>
      </join-columns>
    </many-to-one>
    <many-to-one field="idCategory" target-entity="Category">
      <join-columns>
        <join-column name="id_category" referenced-column-name="id_category"/>
      </join-columns>
    </many-to-one>
  </entity>
</doctrine-mapping>
